product_id,product_name,category,price,created_at
1,Terreur ouvert,books,60.11,2024-07-07 15:31:41
2,Lèvre dessiner,books,141.14,2024-10-27 04:42:35
3,Reconnaître moi,fashion,74.07,2025-04-10 02:14:09
4,Mémoire plaire,electronics,339.97,2024-09-26 16:15:02
5,Rapport théâtre,sports,48.03,2024-09-19 12:14:01
6,Année six,beauty,20.73,2025-04-13 12:45:57
7,Fin marché,electronics,113.23,2025-12-24 11:37:52
8,Brusquement simple,sports,303.0,2024-06-15 18:07:43
9,Souffrance tout,sports,103.42,2025-04-20 19:59:10
10,Pourquoi siège,books,352.16,2025-06-14 19:37:56
11,Position masse,beauty,114.12,2025-06-22 09:56:06
12,Creuser son,sports,142.7,2025-07-17 17:56:33
13,Oncle présenter,electronics,380.61,2025-05-18 15:43:17
14,Cuisine confiance,fashion,350.58,2025-01-01 02:09:19
15,Profond rire,home,142.55,2024-09-26 19:19:24
16,Poste art,fashion,478.82,2026-01-01 11:15:56
17,Table question,home,55.59,2024-12-30 15:26:14
18,Usage puissance,beauty,52.87,2024-04-27 22:57:31
19,Mince table,home,303.84,2024-09-19 02:28:05
20,Vague sorte,electronics,366.22,2026-01-02 22:15:35
21,Escalier l'un,sports,66.79,2024-06-06 17:43:12
22,Vieux fermer,beauty,44.01,2026-03-14 07:27:00
23,Appeler tourner,home,415.56,2026-03-23 09:29:03
24,Lire mémoire,sports,443.3,2025-02-17 07:58:36
25,Sol inquiétude,home,290.79,2025-10-11 23:29:50
26,Passé retomber,books,39.43,2024-05-27 05:00:49
27,Apporter très,books,117.81,2024-08-02 09:40:16
28,Demain fois,home,492.68,2026-03-27 07:37:24
29,Réalité désert,fashion,433.91,2025-12-23 00:47:35
30,Jeu maison,beauty,142.6,2024-11-21 20:38:54
31,Étroit devant,books,417.88,2026-04-23 02:04:51
32,Puisque mériter,fashion,188.24,2025-04-20 06:33:41
33,Sauver métier,fashion,336.74,2024-09-26 18:27:34
34,Côté le,books,468.64,2026-01-29 09:14:36
35,Signe fusil,books,40.34,2024-09-18 16:14:50
36,Sujet éternel,books,89.71,2025-09-01 20:25:18
37,Consentir vaincre,books,126.18,2025-06-15 05:03:40
38,Rideau fermer,beauty,192.83,2025-12-31 16:45:23
39,Mener endroit,books,345.64,2026-03-01 07:36:40
40,Donc réel,fashion,343.88,2026-03-28 16:16:01
41,Réveiller chasse,electronics,118.38,2025-01-16 16:17:00
42,Monde défaut,electronics,403.5,2024-11-15 23:05:07
43,Cabinet valoir,beauty,137.53,2025-10-08 00:44:40
44,Important dimanche,fashion,457.0,2025-06-15 11:20:45
45,Interrompre plusieurs,sports,438.8,2024-09-12 15:01:31
46,Jeune même,home,110.25,2024-09-04 16:31:29
47,Riche dépasser,beauty,200.84,2025-03-06 23:21:47
48,Salle encore,books,232.13,2026-03-02 21:40:48
49,Vieil endroit,home,74.12,2025-01-19 02:47:53
50,Que seul,books,282.88,2025-12-25 14:22:29
51,Vendre lune,home,374.77,2024-07-15 20:17:16
52,Enfance présent,beauty,449.42,2024-07-18 22:39:54
53,Répondre voyage,beauty,184.19,2025-02-25 07:36:43
54,L'une lorsque,fashion,257.22,2024-05-17 09:04:44
55,Tandis que pont,electronics,379.11,2025-06-04 12:24:17
56,Fait me,electronics,80.66,2026-02-16 18:10:58
57,Repas il,fashion,397.08,2024-05-09 14:09:53
58,Siècle hors,beauty,300.22,2025-12-05 15:23:29
59,Poitrine un,beauty,193.9,2024-12-06 14:30:15
60,Faim enfermer,beauty,266.91,2024-05-03 08:28:23
61,Dominer grave,sports,431.09,2025-08-28 07:54:19
62,Son commander,electronics,341.74,2026-03-10 05:12:09
63,Tromper printemps,electronics,342.45,2026-01-27 17:21:14
64,Rire bout,sports,376.68,2026-04-16 22:35:10
65,Cinq pleurer,books,173.39,2025-08-05 16:56:39
66,Poche défendre,home,220.21,2024-06-02 20:50:43
67,Doute public,beauty,6.61,2026-02-03 11:27:29
68,Voile instinct,books,438.55,2025-07-23 11:35:32
69,Époque fermer,home,486.08,2026-01-03 17:45:48
70,Arriver casser,fashion,256.3,2026-02-07 18:41:58
71,Long écouter,electronics,435.91,2025-02-27 21:20:30
72,Gros ce,home,421.63,2025-01-05 01:46:48
73,Fumer partir,sports,306.44,2024-07-19 23:07:21
74,Immobile important,fashion,190.09,2024-10-01 13:50:54
75,Chercher embrasser,fashion,271.99,2025-11-14 15:02:30
76,Dernier lorsque,sports,459.65,2025-08-21 12:49:36
77,Élément noir,sports,165.46,2025-05-02 01:20:50
78,Puissant chaise,electronics,60.37,2024-10-29 10:10:17
79,Nouveau parcourir,home,439.97,2026-02-17 20:58:19
80,Hier au,home,123.53,2024-05-09 22:04:30
81,Solitude fauteuil,fashion,439.61,2026-02-14 00:37:05
82,Créer village,electronics,47.4,2026-02-27 17:42:28
83,Table chien,beauty,408.93,2024-12-03 15:11:00
84,Causer armer,sports,384.09,2025-12-21 10:39:53
85,Lendemain désir,fashion,331.58,2025-04-17 03:00:40
86,Mariage six,sports,86.74,2025-06-12 11:59:03
87,Commencer vieux,sports,436.85,2025-07-31 01:29:30
88,Puisque peur,beauty,482.36,2025-07-07 13:36:20
89,Barbe sept,sports,378.86,2025-11-17 09:34:42
90,Connaître plaire,books,104.57,2024-05-02 16:08:49
91,Fier lisser,home,202.5,2024-08-06 05:57:12
92,Épais prochain,books,326.69,2025-06-10 14:42:14
93,Renverser juge,beauty,450.31,2025-03-05 20:11:16
94,Déclarer contraire,beauty,64.9,2026-04-23 19:39:43
95,Indiquer rentrer,fashion,36.69,2026-01-15 21:25:59
96,Nul nécessaire,electronics,296.21,2024-06-11 18:50:07
97,Il rouge,fashion,296.28,2025-05-25 19:28:15
98,Naturellement parler,electronics,40.14,2025-06-20 00:51:26
99,Ouvrir fois,books,34.14,2024-12-15 09:59:53
100,Demain conversation,electronics,453.18,2025-05-15 03:34:13
101,Voisin interrompre,home,40.07,2025-05-28 17:43:43
102,Interroger tranquille,fashion,142.85,2024-11-30 15:08:01
103,Rayon sous,beauty,111.05,2025-01-16 04:10:08
104,Saisir nommer,fashion,363.06,2025-02-03 22:47:48
105,Hier vue,sports,290.22,2026-02-10 02:52:32
106,Silencieux français,fashion,393.39,2024-09-12 12:43:25
107,Prendre condition,beauty,99.25,2024-12-19 23:49:28
108,Simplement combat,electronics,331.2,2024-06-30 21:34:30
109,Vide nul,home,214.67,2025-01-10 13:10:45
110,Animer contenter,beauty,432.6,2026-04-21 19:12:16
111,Accorder as,electronics,338.32,2024-05-30 18:00:08
112,Dame gris,books,53.72,2025-02-10 18:43:33
113,Supporter entier,beauty,365.47,2025-07-26 20:45:49
114,Tapis entrer,electronics,128.08,2024-06-22 22:52:46
115,Éprouver connaissance,fashion,270.46,2025-09-08 14:37:44
116,Clef imaginer,fashion,213.83,2026-03-03 00:29:28
117,Hier blanc,home,234.0,2024-10-06 06:34:04
118,Accord ignorer,electronics,224.35,2025-01-16 11:30:20
119,Plein argent,sports,53.46,2025-06-06 17:34:06
120,Drôle souvenir,books,499.64,2025-09-01 02:49:35
121,Nouveau rencontre,electronics,484.65,2025-11-21 18:57:51
122,Devant user,fashion,87.32,2024-07-14 09:46:35
123,Former grâce,beauty,243.27,2024-12-04 07:39:55
124,Proposer puissant,beauty,451.71,2025-08-19 14:45:53
125,Mariage mauvais,fashion,192.59,2025-07-26 22:40:06
126,Soldat porte,beauty,136.28,2024-08-17 08:27:33
127,Précipiter vers,beauty,146.2,2026-04-24 23:14:07
128,Endormir nord,books,478.87,2025-04-11 04:48:12
129,Suivant ouvert,sports,332.63,2025-11-07 04:36:44
130,Fuir table,beauty,81.62,2025-03-14 10:50:34
131,Créer accrocher,home,112.76,2024-08-06 05:13:13
132,Loup professeur,electronics,291.69,2025-11-22 06:01:29
133,Voie demain,sports,35.17,2026-04-11 10:39:06
134,L'un français,home,33.3,2024-10-06 21:36:33
135,Blanc qualité,sports,241.01,2024-10-14 02:44:48
136,Depuis vol,sports,82.93,2025-06-23 11:48:28
137,Chemin considérer,sports,44.66,2024-09-22 08:30:39
138,Battre comprendre,fashion,38.92,2024-09-29 22:24:05
139,Service coup,electronics,339.23,2026-03-10 22:14:24
140,Taire accuser,fashion,204.87,2025-08-27 09:14:29
141,Grand songer,sports,126.88,2024-07-08 09:01:15
142,Baisser maladie,sports,24.67,2025-11-21 21:35:56
143,Achever celui,electronics,212.52,2025-06-05 00:37:34
144,Été naturellement,sports,284.79,2024-11-17 06:03:59
145,Pont de,home,467.68,2024-10-02 20:47:24
146,Remercier peine,fashion,336.51,2025-01-20 10:09:14
147,Anglais queue,home,123.15,2024-09-02 15:40:51
148,Petit moment,beauty,69.78,2025-06-04 07:40:32
149,Voisin causer,books,153.5,2025-09-26 02:11:11
150,Pas désigner,home,464.86,2025-12-29 16:03:45
151,Détruire juste,electronics,9.61,2025-05-05 08:05:15
152,Pendant hôtel,sports,499.23,2024-11-15 15:51:26
153,Loi représenter,electronics,41.26,2025-08-28 00:34:31
154,Fauteuil plutôt,fashion,255.41,2024-08-10 19:45:54
155,Manier curieux,fashion,466.96,2026-02-26 13:21:09
156,Réunir après,electronics,440.24,2025-01-05 05:17:22
157,Couler soirée,home,146.07,2024-07-06 12:50:25
158,Prière transformer,beauty,417.7,2025-11-24 16:47:56
159,Partie mari,books,154.75,2026-03-27 05:28:27
160,Titre remonter,books,266.83,2024-10-31 16:58:45
161,Charge mentir,books,409.47,2024-06-07 16:32:43
162,Regretter devant,home,466.22,2025-11-06 08:38:04
163,Où comme,electronics,469.77,2025-09-10 18:15:43
164,Personne descendre,fashion,135.91,2024-06-15 15:09:43
165,Passé vent,electronics,372.5,2024-10-11 11:55:24
166,Douleur pain,fashion,139.81,2025-12-29 21:26:39
167,Emmener respect,sports,109.26,2025-09-18 12:13:26
168,Rose digne,home,105.78,2026-02-07 05:37:00
169,Appartenir imaginer,books,427.19,2024-09-15 15:33:10
170,Depuis curiosité,sports,246.82,2025-07-19 08:15:16
171,Reste situation,electronics,50.69,2024-10-10 17:50:26
172,Mur départ,beauty,415.53,2024-07-14 17:59:27
173,Nuage immobile,electronics,6.76,2025-09-19 22:43:46
174,Rue bras,fashion,320.37,2025-09-06 19:53:05
175,Gouvernement époque,home,84.98,2025-07-01 01:57:55
176,Rejoindre couper,beauty,278.08,2024-10-28 02:35:27
177,Déjà île,beauty,282.65,2025-09-16 21:31:00
178,Loin vivant,electronics,42.25,2024-11-03 08:57:38
179,Rire rare,books,452.44,2024-10-02 06:25:35
180,Horizon rencontrer,sports,22.83,2026-04-27 07:57:39
181,Groupe faveur,home,293.34,2025-03-18 00:31:03
182,Comment politique,fashion,217.74,2025-11-11 09:44:49
183,Taille peine,electronics,157.59,2025-11-20 23:34:25
184,Posséder employer,electronics,449.97,2024-08-30 22:29:01
185,Mériter frapper,fashion,342.62,2024-11-05 09:41:29
186,Alors réunir,books,55.88,2025-01-10 19:19:10
187,Faible examiner,sports,442.65,2025-07-20 02:09:58
188,Pouvoir sien,beauty,487.05,2025-11-04 04:28:20
189,Coeur détail,books,81.5,2026-03-22 06:33:02
190,Parce que sentiment,fashion,432.98,2026-01-28 03:25:44
191,Rose oser,fashion,441.3,2024-04-29 12:51:54
192,Dimanche réunir,electronics,93.78,2024-09-09 20:30:46
193,Oublier bleu,home,392.28,2024-08-31 08:19:27
194,Avec inquiéter,beauty,402.11,2024-11-04 21:39:00
195,Tracer se,books,406.32,2025-04-26 08:26:01
196,Quarante pouvoir,home,83.8,2025-11-06 17:29:57
197,Ciel eh,books,58.51,2025-05-13 07:07:21
198,Vol immobile,electronics,430.0,2024-08-12 20:23:42
199,Rocher répandre,fashion,103.79,2026-04-08 03:13:59
200,Prononcer étage,beauty,178.08,2024-08-06 22:35:23
